,Product name,Price,Review out of 5
0,"Samsung Galaxy S24 5G Snapdragon (Marble Gray, 128 GB)","₹39,999",4.6
1,"realme P3 Ultra 5G (Orion Red, 256 GB)","₹25,999",4.5
2,"Samsung Galaxy F07 (Green, 64 GB)","₹7,499",4.3
3,"OPPO K13x 5G 6000mAh and 45W SUPERVOOC Charger & AI (Midnight Violet, 128 GB)","₹12,499",4.4
4,"realme 15 5G (Silk Pink, 128 GB)","₹25,999",4.4
5,"realme P4x 5G (Matte Silver, 128 GB)","₹15,999",4.4
6,"Samsung Galaxy S24 FE 5G (Mint, 256 GB)","₹39,999",4.5
7,"Samsung Galaxy F06 5G (Bahama Blue, 64 GB)","₹9,249",4.2
8,"realme P1 5G (Phoenix Red, 128 GB)","₹13,999",4.4
9,"realme P3x 5G (Midnight Blue, 128 GB)","₹12,998",4.4
10,"Samsung Galaxy F06 5G (Lit Violet, 128 GB)","₹9,999",4.2
11,"realme P3 Lite 5G Charger in the Box (Purple Blossom, 128 GB)","₹11,999",4.4
12,"Samsung Galaxy A35 5G (Awesome Navy, 128 GB)","₹18,999",4.4
13,"Samsung Galaxy S24 5G Snapdragon (Onyx Black, 256 GB)","₹44,999",4.6
14,"realme Narzo 80 Lite 4G (Obsidian Black, 64 GB)","₹7,915",4.3
15,"realme Narzo 80 Lite 4G (Beach Gold, 64 GB)","₹8,118",4.3
16,"Samsung S25 Ultra 5G (Titanium Gray, 256 GB)","₹1,08,990",4.7
17,"Samsung Galaxy F36 5G (Red, 128 GB)","₹16,999",4.3
18,"realme P4 Pro 5G (Dark Oak Wood, 256 GB)","₹26,999",4.4
19,"realme P3 Ultra 5G (Glowing Lunar White, 256 GB)","₹25,999",4.5
20,"Samsung Galaxy F06 5G (Bahama Blue, 128 GB)","₹10,999",4.2
21,"realme 16 Pro 5G (Master Gold, 128 GB)","₹31,999",4.6
22,"Samsung Galaxy S25 Plus 5G (Silver Shadow, 256 GB)","₹75,999",4.7
23,"Samsung Galaxy Z Flip7 FE 5G (White, 128 GB)","₹89,999",4.3
24,"realme 14 Pro+ 5G (Emerald Drift, 256 GB)","₹24,999",4.4
25,"realme 14 Pro+ 5G (Suede Grey, 256 GB)","₹34,999",4.4
26,"Samsung Galaxy S24 5G Snapdragon (Marble Gray, 128 GB)","₹39,999",4.6
27,"Samsung Galaxy F07 (Green, 64 GB)","₹7,499",4.3
28,"realme P4 5G (Steel Grey, 256 GB)","₹21,499",4.4
29,"realme P3 Ultra 5G (Orion Red, 256 GB)","₹24,499",4.4
30,"OPPO K13x 5G 6000mAh and 45W SUPERVOOC Charger & AI (Midnight Violet, 128 GB)","₹12,499",4.4
31,"realme P4 5G (Forge Red, 128 GB)","₹19,499",4.4
32,"Samsung Galaxy S24 FE 5G (Mint, 256 GB)","₹39,999",4.5
33,"Samsung Galaxy F06 5G (Bahama Blue, 64 GB)","₹9,249",4.2
34,"realme P4 5G (Engine Blue, 128 GB)","₹19,499",4.4
35,"realme 14x 5G (Jewel Red, 128 GB)","₹15,999",4.4
36,"Samsung Galaxy F06 5G (Lit Violet, 128 GB)","₹9,999",4.2
37,"Samsung Galaxy A35 5G (Awesome Navy, 128 GB)","₹18,999",4.4
38,"realme P4 5G (Steel Grey, 128 GB)","₹19,499",4.4
39,"realme 14x 5G (Golden Glow, 128 GB)","₹14,428",4.3
40,"Samsung Galaxy S24 5G Snapdragon (Onyx Black, 256 GB)","₹44,999",4.6
41,"realme 15T 5G (Flowing Silver, 256 GB)","₹26,999",4.2
42,"Samsung S25 Ultra 5G (Titanium Gray, 256 GB)","₹1,07,987",4.7
43,"Samsung Galaxy F36 5G (Red, 128 GB)","₹16,999",4.3
44,"realme 14x 5G (Golden Glow, 128 GB)","₹14,758",4.4
45,"realme 14x 5G (Crystal Black, 128 GB)","₹15,047",4.4
46,"Samsung Galaxy F06 5G (Bahama Blue, 128 GB)","₹10,999",4.2
47,"Samsung Galaxy S25 Plus 5G (Silver Shadow, 256 GB)","₹75,999",4.7
48,"realme P3 Pro 5G (Galaxy Purple, 256 GB)","₹20,999",4.4
49,"realme 16 Pro+ 5G (Master Gold, 256 GB)","₹41,999",4.5
50,"Samsung Galaxy S24 5G Snapdragon (Marble Gray, 128 GB)","₹39,999",4.6
51,"realme 15T 5G (Flowing Silver, 256 GB)","₹24,999",4.3
52,"Samsung Galaxy F07 (Green, 64 GB)","₹7,499",4.3
53,"OPPO K13x 5G 6000mAh and 45W SUPERVOOC Charger & AI (Midnight Violet, 128 GB)","₹12,499",4.4
54,"realme P3 Ultra 5G (Neptune Blue, 256 GB)","₹25,999",4.5
55,"realme Narzo 90 5G (Carbon Black, 128 GB)","₹19,301",4.2
56,"Samsung Galaxy S24 FE 5G (Mint, 256 GB)","₹39,999",4.5
57,"Samsung Galaxy F06 5G (Bahama Blue, 64 GB)","₹9,249",4.2
58,"realme P4 5G (Forge Red, 128 GB)","₹19,499",4.4
59,"realme P3 Ultra 5G (Neptune Blue, 128 GB)","₹22,999",4.4
60,"Samsung Galaxy F06 5G (Lit Violet, 128 GB)","₹9,999",4.2
61,"realme P3 Pro 5G (Saturn Brown, 256 GB)","₹20,999",4.4
62,"Samsung Galaxy A35 5G (Awesome Navy, 128 GB)","₹18,999",4.4
63,"Samsung Galaxy S24 5G Snapdragon (Onyx Black, 256 GB)","₹44,999",4.6
64,"realme P4x 5G (Matte Silver, 128 GB)","₹17,499",4.3
65,"realme P4 5G (Steel Grey, 256 GB)","₹21,499",4.4
66,"Samsung S25 Ultra 5G (Titanium Gray, 256 GB)","₹1,08,990",4.7
67,"Samsung Galaxy F36 5G (Red, 128 GB)","₹16,999",4.3
68,"realme GT NEO 3 (150W) (Asphalt Black, 256 GB)","₹25,899",4.2
69,"realme P3 5G (Comet Grey, 128 GB)","₹16,999",4.4
70,"Samsung Galaxy F06 5G (Bahama Blue, 128 GB)","₹10,999",4.2
71,"realme 16 Pro+ 5G (Master Grey, 256 GB)","₹41,999",4.5
72,"Samsung Galaxy S24 5G Snapdragon (Marble Gray, 128 GB)","₹39,999",4.6
73,"Samsung Galaxy F07 (Green, 64 GB)","₹7,499",4.3
74,"realme 14x 5G (Golden Glow, 128 GB)","₹14,428",4.3
75,"realme P3x 5G (Lunar Silver, 128 GB)","₹13,999",4.4
76,"OPPO K13x 5G 6000mAh and 45W SUPERVOOC Charger & AI (Midnight Violet, 128 GB)","₹12,499",4.4
77,"Samsung Galaxy S24 FE 5G (Mint, 256 GB)","₹39,999",4.5
78,"realme Gt 7 (Icesense Blue, 256 GB)","₹39,999",4.3
79,"realme P3 Pro 5G (Nebula Glow, 256 GB)","₹22,999",4.4
80,"Samsung Galaxy F06 5G (Bahama Blue, 64 GB)","₹9,249",4.2
81,"realme P4 Pro 5G (Birch Wood, 256 GB)","₹28,999",4.4
82,"Samsung Galaxy A35 5G (Awesome Navy, 128 GB)","₹18,999",4.4
83,"Samsung Galaxy S24 5G Snapdragon (Onyx Black, 256 GB)","₹44,999",4.6
84,"realme Gt 7 (Icesense Blue, 256 GB)","₹36,999",4.5
85,"realme P3 5G (Space Silver, 128 GB)","₹16,999",4.4
86,"Samsung Galaxy F06 5G (Bahama Blue, 128 GB)","₹10,999",4.2
87,"Samsung Galaxy F06 5G (Lit Violet, 128 GB)","₹9,999",4.2
88,"realme 15 5G (Flowing Silver, 256 GB)","₹27,999",4.4
89,"realme 14 Pro+ 5G (Pearl White, 512 GB)","₹30,999",4.4
90,"Samsung S25 Ultra 5G (Titanium Gray, 256 GB)","₹1,08,990",4.7
91,"realme P4 5G (Steel Grey, 128 GB)","₹19,499",4.4
92,"Samsung Galaxy F36 5G (Red, 128 GB)","₹16,999",4.3
93,"Samsung Galaxy S25 Plus 5G (Silver Shadow, 256 GB)","₹75,999",4.7
94,"realme Narzo 80 Lite 4G (Beach Gold, 128 GB)","₹8,999",4.3
95,"realme P4 Pro 5G (Midnight Ivy, 256 GB)","₹28,999",4.4
96,"Samsung Galaxy S24 5G Snapdragon (Marble Gray, 128 GB)","₹39,999",4.6
97,"Samsung Galaxy F07 (Green, 64 GB)","₹7,499",4.3
98,"realme P4 Pro 5G (Dark Oak Wood, 256 GB)","₹28,999",4.4
99,"realme P4 Pro 5G (Dark Oak Wood, 256 GB)","₹26,999",4.4
100,"OPPO K13x 5G 6000mAh and 45W SUPERVOOC Charger & AI (Midnight Violet, 128 GB)","₹12,499",4.4
101,"realme P4 Pro 5G (Birch Wood, 256 GB)","₹26,999",4.4
102,"Samsung Galaxy S24 FE 5G (Mint, 256 GB)","₹39,999",4.5
103,"Samsung Galaxy F06 5G (Bahama Blue, 64 GB)","₹9,249",4.2
104,"realme P4 Pro 5G (Midnight Ivy, 128 GB)","₹24,999",4.4
105,"realme P3 Pro 5G (Nebula Glow, 256 GB)","₹22,999",4.4
106,"Samsung Galaxy F06 5G (Lit Violet, 128 GB)","₹9,999",4.2
107,"Samsung Galaxy A35 5G (Awesome Navy, 128 GB)","₹18,999",4.4
108,"realme P3 Pro 5G (Galaxy Purple, 256 GB)","₹20,999",4.4
109,"realme P3 Pro 5G (Nebula Glow, 128 GB)","₹20,999",4.4
110,"Samsung Galaxy S24 5G Snapdragon (Onyx Black, 256 GB)","₹44,999",4.6
111,"realme Narzo 80x 5G (Sunlit Gold, 128 GB)","₹13,426",4.2
112,"Samsung S25 Ultra 5G (Titanium Gray, 256 GB)","₹1,08,990",4.7
113,"Samsung Galaxy F36 5G (Red, 128 GB)","₹16,999",4.3
114,"realme P3 Pro 5G (Saturn Brown, 128 GB)","₹20,999",4.4
115,"realme C85 5G (Peacock Green, 128.0 GB)","₹15,499",4.6
116,"Samsung Galaxy F06 5G (Bahama Blue, 128 GB)","₹10,999",4.2
117,"Samsung Galaxy S25 Plus 5G (Silver Shadow, 256 GB)","₹75,999",4.7
118,"realme P3 5G (Comet Grey, 128 GB)","₹16,999",4.4
119,"realme P3 5G (Space Silver, 128 GB)","₹16,999",4.4
120,"Samsung Galaxy S24 5G Snapdragon (Marble Gray, 128 GB)","₹39,999",4.6
121,"realme 14 Pro Lite 5G (Glass Purple, 128 GB)","₹21,999",4.3
122,"Samsung Galaxy F07 (Green, 64 GB)","₹7,499",4.3
123,"OPPO K13x 5G 6000mAh and 45W SUPERVOOC Charger & AI (Midnight Violet, 128 GB)","₹12,499",4.4
124,"realme C73 5G (Crystal Purple, 128 GB)","₹12,999",4.2
125,"realme P3 Pro 5G (Saturn Brown, 256 GB)","₹20,999",4.4
126,"Samsung Galaxy S24 FE 5G (Mint, 256 GB)","₹39,999",4.5
127,"Samsung Galaxy F06 5G (Bahama Blue, 64 GB)","₹9,249",4.2
128,"realme Narzo 80x 5G (Deep Ocean, 128 GB)","₹13,979",4.2
129,"realme 16 Pro+ 5G (Master Gold, 256 GB)","₹44,999",4.7
130,"Samsung Galaxy F06 5G (Lit Violet, 128 GB)","₹9,999",4.2
131,"realme C85 5G (Peacock Green, 128.0 GB)","₹16,999",4.6
132,"Samsung Galaxy A35 5G (Awesome Navy, 128 GB)","₹18,999",4.4
133,"Samsung Galaxy S24 5G Snapdragon (Onyx Black, 256 GB)","₹44,999",4.6
134,"realme P2 Pro 5G (Parrot Green, 128 GB)","₹17,999",4.4
135,"realme C85 5G (Parrot Purple, 128.0 GB)","₹16,999",4.6
136,"Samsung S25 Ultra 5G (Titanium Gray, 256 GB)","₹1,07,987",4.7
137,"Samsung Galaxy F36 5G (Red, 128 GB)","₹16,999",4.3
138,"realme GT 7T (Racing Yellow, 256 GB)","₹34,999",4.4
139,"realme P3 5G (Space Silver, 256 GB)","₹18,499",4.4
140,"Samsung Galaxy F06 5G (Bahama Blue, 128 GB)","₹10,999",4.2
141,"realme Narzo 80 Pro 5G (Speed Silver, 256 GB)","₹22,485",4.5
142,"Samsung Galaxy S25 Plus 5G (Silver Shadow, 256 GB)","₹75,999",4.7
143,"Samsung S25 Ultra (Titanium Silverblue, 256 GB)","₹1,08,990",4.6
144,"realme 14 Pro Lite 5G (Glass Gold, 128 GB)","₹21,999",4.3
145,"realme C63 5G Charger in the Box (Forest Green, 128 GB)","₹10,999",4.4
146,"Samsung Galaxy S24 5G Snapdragon (Marble Gray, 128 GB)","₹39,999",4.6
147,"Samsung Galaxy F07 (Green, 64 GB)","₹7,499",4.3
148,"realme P2 Pro 5G (Eagle Grey, 128 GB)","₹17,999",4.4
149,"realme C67 5G (Dark Purple, 128 GB)","₹14,950",4.4
150,"OPPO K13x 5G 6000mAh and 45W SUPERVOOC Charger & AI (Midnight Violet, 128 GB)","₹12,499",4.4
151,"realme C30s (Stripe Black, 32 GB)","₹6,999",4.4
152,"Samsung Galaxy S24 FE 5G (Mint, 256 GB)","₹39,999",4.5
153,"Samsung Galaxy F06 5G (Bahama Blue, 64 GB)","₹9,249",4.2
154,"realme C73 5G (Onyx Black, 64 GB)","₹11,499",4.2
155,"realme 15 Pro 5G (Flowing Silver, 512 GB)","₹40,999",4.4
156,"Samsung Galaxy F06 5G (Lit Violet, 128 GB)","₹9,999",4.2
157,"Samsung Galaxy A35 5G (Awesome Navy, 128 GB)","₹18,999",4.4
158,"realme 15 Pro 5G (Silk Purple, 256 GB)","₹37,999",4.4
159,"realme 15 Pro 5G (Flowing Silver, 256 GB)","₹37,999",4.4
160,"Samsung Galaxy S24 5G Snapdragon (Onyx Black, 256 GB)","₹44,999",4.6
161,"realme 15 Pro 5G (Velvet Green, 128 GB)","₹33,999",4.3
162,"Samsung S25 Ultra 5G (Titanium Gray, 256 GB)","₹1,08,990",4.7
163,"Samsung Galaxy F36 5G (Red, 128 GB)","₹16,999",4.3
164,"realme 13 Pro+ 5G (Monet Gold, 256 GB)","₹25,999",4.4
165,"realme 13 Pro+ 5G (Monet Purple, 256 GB)","₹25,998",4.4
166,"Samsung Galaxy F06 5G (Bahama Blue, 128 GB)","₹10,999",4.2
167,"Samsung Galaxy S25 Plus 5G (Silver Shadow, 256 GB)","₹75,999",4.7
